"amazon link","i.s.b.n.","theatrical debut","title"
"B001UV4XUG","","2009-01-01 02:00:00 +1300","(500) Days of Summer"
"B00151QYE4","","2007-01-01 02:00:00 +1300","4 Months, 3 Weeks and 2 Days"
"B000056HEC","0792849221","1957-01-01 02:00:00 +1200","12 Angry Men"
"B0007PALZ2","1417011076","1996-01-05 02:00:00 +1300","12 Monkeys"
"B0001CNRRU","0783299532","2003-12-26 02:00:00 +1300","21 Grams"
"B00008K7AO","","2003-01-10 02:00:00 +1300","25th Hour"
"B00005JMA8","","2003-06-27 02:00:00 +1200","28 Days Later"
"B000TJBN80","","2007-05-11 02:00:00 +1200","28 Weeks Later"
"B00005JPLW","","2007-03-09 02:00:00 +1300","300"
"B00015N56U","","1984-01-01 02:00:00 +1300","1984"
"B001OQCV2E","","2009-07-10 00:00:00 +1200","2012"
"B002M36R28","","2008-01-01 02:00:00 +1300","A Christmas Tale"
"B00003CXXP","0783265638","2001-01-01 02:00:00 +1300","A.I. - Artificial Intelligence"
"B0026519O8","","","Absolute Power - Series One"
"B00262G9BO","","","Absolute Power - Series Two"
"B000UNYPGM","","1994-07-24 02:00:00 +1200","Absolutely Fabulous: Absolutely Everything"
"B000286RNE","079075830X","1985-09-13 02:00:00 +1200","After Hours"
"B00004Y62X","0792166914","1982-12-10 02:00:00 +1300","Airplane II: The Sequel"
"B0002ZMITY","078326870X","2002-01-01 02:00:00 +1300","Ali G Indahouse - The Movie"
"B00004ZBXW","","2000-01-01 02:00:00 +1300","Ali G, Aiii"
"B00005QB91","","2002-01-01 02:00:00 +1300","Ali G, Innit"
"B00335EQ0E","","1951-01-01 00:00:00 +1200","Alice in Wonderland"
"0767847105","0767847105","1999-01-01 02:00:00 +1300","All About My Mother"
"B00003CXMG","","2000-01-01 02:00:00 +1300","Almost Famous"
"B0000640VO","","2001-01-01 02:00:00 +1300","Amelie"
"B00003CWL6","0783241232","1999-01-01 02:00:00 +1300","American Beauty"
"B000E6ES9O","","2005-02-06 02:00:00 +1300","American Dad!, Vol. 1"
"B000NNK4DM","","2005-02-06 02:00:00 +1300","American Dad!, Vol. 2"
"B0012KSUTA","","","American Dad!, Vol. 3"
"B001RIZ7OI","","","American Dad!, Vol. 4"
"B0011HOEY4","","2007-01-01 02:00:00 +1300","American Gangster"
"6305313687","6305313687","1998-10-30 02:00:00 +1300","American History X"
"B000BT970Y","1417046449","2005-12-26 02:00:00 +1300","American Pie - Band Camp"
"B000JJSJPU","","2006-12-19 02:00:00 +1300","American Pie - The Naked Mile"
"B000031WD9","078323998X","1999-07-09 02:00:00 +1200","American Pie - Unrated"
"B000WC39KO","","2007-12-26 02:00:00 +1300","American Pie Presents: Beta House"
"B0009A40ES","","2000-04-14 02:00:00 +1200","American Psycho"
"B0000U0X20","0783123876","2003-09-12 02:00:00 +1200","American Splendor"
"B00005N8A9","1589710703","2000-01-01 02:00:00 +1300","Amores Perros"
"B00000JGPE","0790742241","1999-03-05 02:00:00 +1300","Analyze This"
"0767827724","0767827724","1972-08-22 02:00:00 +1200","And Now For Something Completely Different"
"B000EULSU2","","","Animals"
"6304907729","6304907729","1977-04-20 02:00:00 +1200","Annie Hall"
"B00005OWEG","0792178300","1979-08-15 02:00:00 +1200","Apocalypse Now Redux"
"B0000AQS81","0790784165","2000-12-30 02:00:00 +1300","Aqua Teen Hunger Force - Volume One"
"B0002WZRSG","078064834X","2000-12-30 02:00:00 +1300","Aqua Teen Hunger Force - Volume Three"
"B0001MZ7KA","078064736X","2000-12-30 02:00:00 +1300","Aqua Teen Hunger Force - Volume Two"
"B00005JPP2","","2007-04-13 02:00:00 +1200","Aqua Teen Hunger Force Colon Movie Film for Theaters for DVD"
"B000B5XOR0","0780652703","2000-12-30 02:00:00 +1300","Aqua Teen Hunger Force, Vol. 4"
"B000VWX6SA","","2000-12-30 02:00:00 +1300","Aqua Teen Hunger Force, Vol. 5"
"","","","Arj Barker - Balls"
"","","","Arj Barker - Live"
"B0002PYS7Y","","2003-11-02 02:00:00 +1300","Arrested Development - Season One"
"B000EXDS7K","","2003-11-02 02:00:00 +1300","Arrested Development - Season Three"
"B000A9QKRI","","2003-11-02 02:00:00 +1300","Arrested Development - Season Two"
"B0014E9188","","2006-10-10 03:00:00 +1300","Arriving Somewhere"
"B0006J28NW","0790796686","1988-07-08 02:00:00 +1200","Arthur 2 - On the Rocks"
"B0010DR4BO","","2007-01-01 02:00:00 +1300","The Assassination of Jesse James by the Coward Robert Ford"
"B002CAWNGA","","1963-01-01 02:00:00 +1200","Astro Boy, Vol. 2"
"B0010VXMTO","","2006-01-01 02:00:00 +1300","The Astronaut Farmer"
"B000T5O48A","","2006-01-01 02:00:00 +1300","Away from Her"
"0783230338","0783230338","1998-07-31 02:00:00 +1200","BASEketball"
"B00004STUL","0767848950","1995-04-07 02:00:00 +1200","Bad Boys"
"B001NOGPWE","","","Bad Eggs"
"B00020HAB0","","2003-11-26 02:00:00 +1300","Badder Santa"
"B00005A1TJ","0780634063","2000-10-20 02:00:00 +1300","Bamboozled"
"B00008RH3J","","1991-08-21 02:00:00 +1200","Barton Fink"
"B000B5XOY8","1419813242","1989-06-23 02:00:00 +1200","Batman"
"0790732912","0790732912","1997-06-20 02:00:00 +1200","Batman & Robin"
"B00005JNJV","","2005-06-15 02:00:00 +1200","Batman Begins"
"B001OST0LW","","1995-01-01 02:00:00 +1300","Batman Forever"
"B000P0J06U","","1992-01-01 02:00:00 +1300","Batman Returns"
"B000F4LPJ6","","","Battle Royale: Director's Cut"
"B0017RFY56","","2008-01-01 02:00:00 +1300","Be Kind Rewind"
"B001AGXEAG","","1988-01-01","Beetlejuice"
"B00003CXRG","0780634934","2000-01-01 02:00:00 +1300","Before Night Falls"
"B0002YLC24","0790795515","2004-01-01 02:00:00 +1300","Before Sunset"
"B00112S8RS","","2007-01-01 02:00:00 +1300","Before the Devil Knows You're Dead"
"B00007AJF8","","1999-01-01 02:00:00 +1300","Being John Malkovich"
"B001DYRL22","","2007-01-01 02:00:00 +1300","Ben X"
"B00005ALS0","078063344X","2000-01-01 02:00:00 +1300","Best in Show"
"B002GV4OQW","","","The Best of Never Mind the Buzzcocks"
"B00007ELEL","","1998-03-06 02:00:00 +1300","The Big Lebowski"
"B00006HAWL","0767853407","1989-01-01 02:00:00 +1300","The Big Picture"
"B000A8JHPQ","","","The Big Steal"
"B00005NQFN","","2001-01-01 02:00:00 +1300","Bill Bailey - Bewilderness"
"B000B8TJ3K","","","Bill Bailey - Cosmic Jam"
"B0002SDY1M","","1997-10-20 03:00:00 +1300","Bill Bailey - Part Troll"
"B001FDT96M","","2008-01-01 02:00:00 +1300","Bill Bailey - Tinselworm"
"B0029F1H6U","","2009-01-01","Bill Bailey's Remarkable Guide To The Orchestra"
"B000F5YYCK","","","Black Books Complete Box Set"
"B002BWP3WA","","2009-01-01 02:00:00 +1300","Black Dynamite [Blu-ray]"
"B000TJ6PB0","","2006-01-01 02:00:00 +1300","Black Sheep"
"B000B35PQK","","","Blind Flight"
"B000MZHW40","","2006-12-08 02:00:00 +1300","Blood Diamond"
"B00005LC4P","0783261136","1985-01-18 02:00:00 +1300","Blood Simple"
"B00008DDHZ","0792186907","2002-01-01 02:00:00 +1300","Bloody Sunday"
"B000053W52","","1980-06-20 02:00:00 +1200","The Blues Brothers"
"B000SK5Z2A","","2006-01-01 02:00:00 +1300","Bobby Z"
"B000PAAJZ6","","1997-10-10 03:00:00 +1300","Boogie Nights"
"B000IY04Q8","","2000-01-01 02:00:00 +1300","Boondock Saints"
"B002UNMW7O","","2009-01-01 00:00:00 +1300","The Boondock Saints II: All Saints Day"
"0767802470","0767802470","1982-02-10 02:00:00 +1300","Das Boot - The Director's Cut"
"B000MMMT9G","","2006-11-03 02:00:00 +1300","Borat - Cultural Learnings of America for Make Benefit Glorious Nation of Kazakhstan"
"0767821408","0767821408","1996-02-21 02:00:00 +1300","Bottle Rocket"
"B00006AG8D","0790773058","1988-05-08 02:00:00 +1200","The Bourne Identity"
"B000VWYJ86","","2007-12-11 02:00:00 +1300","The Bourne Ultimatum"
"B00008DDVV","","2002-01-01 02:00:00 +1300","Bowling for Columbine"
"B000W8OM5Y","","1995-05-24 02:00:00 +1200","Braveheart"
"0783225903","0783225903","1985-12-18 02:00:00 +1300","Brazil"
"B000OYAT3U","","2007-02-16 02:00:00 +1300","Breach"
"B002P7UCJ0","","2009-01-01 02:00:00 +1300","Bruno"
"B000YAF4MA","","2007-12-25 02:00:00 +1300","The Bucket List"
"B001JIE7JC","","2008-01-01 02:00:00 +1300","Burn After Reading"
"B0001Z52RU","0780647998","2004-01-23 02:00:00 +1300","The Butterfly Effect"
"B00005Q71N","","1999-01-01 02:00:00 +1300","CKY"
"B0000CA1GT","","","CKY 4"
"B0007DFKMS","","","CKY Documentary Featuring How to Rob a House"
"B00005MGBR","","2001-01-01 02:00:00 +1300","CKY2K"
"B00009Y3L4","0790782227","1972-02-13 01:00:00 +1200","Cabaret"
"B00000F7E6","","2005-01-01 02:00:00 +1300","Cache"
"B00004CYRC","","1980-07-25 02:00:00 +1200","Caddyshack"
"B00004U28G","0783116969","1981-06-19 02:00:00 +1200","The Cannonball Run"
"B0030Y11XS","","2009-01-01 00:00:00 +1300","Capitalism: A Love Story"
"B000E33VWW","","2005-01-01 02:00:00 +1300","Capote"
"B0000SXK0Y","","2002-01-01 02:00:00 +1300","Capturing the Friedmans"
"B000MNP2KI","","2006-11-17 02:00:00 +1300","Casino Royale"
"B00005V9IJ","","2000-12-22 02:00:00 +1300","Cast Away"
"B00001U0DW","","1999-05-07 02:00:00 +1200","The Castle"
"","","","Cat Ladies"
"B001NFNFNU","","2008-01-01 02:00:00 +1300","Changeling"
"B00003CX9D","0788815482","1997-01-01 02:00:00 +1300","Chasing Amy: The Criterion Collection"
"B000N6TX1I","","2007-01-05 02:00:00 +1300","Children of Men"
"B001O2UTQS","","2008-01-01 02:00:00 +1300","Choke"
"B00026L9BQ","0783129319","2004-04-17 02:00:00 +1200","Chris Rock - Never Scared"
"B00003CWNR","0788818368","1999-01-01 02:00:00 +1300","The Cider House Rules"
"B00003CX9E","0780635205","1941-01-01 02:00:00 +1200","Citizen Kane"
"B0000D9PNX","","2002-01-01 02:00:00 +1300","City of God"
"B0000687G0","","2001-01-01 02:00:00 +1300","Cky 3"
"B0002DRDBE","","1994-10-19 03:00:00 +1300","Clerks"
"B000I0RNVQ","","2006-07-21 02:00:00 +1200","Clerks II"
"B000UJ48T0","","1972-02-02 01:00:00 +1200","A Clockwork Orange"
"B0007OCG4W","1404954953","2004-12-03 02:00:00 +1300","Closer"
"B002LE8MGW","","2009-09-25 00:00:00 +1200","Coco Before Chanel"
"B0002I83Z4","","2003-01-01 02:00:00 +1300","Coffee and Cigarettes"
"B00005JN2Z","1417010789","2004-08-06 02:00:00 +1200","Collateral"
"B001D07QG2","","","A Complete History Of My Sexual Failures"
"B0009XRZ92","0767085515","1982-06-25 02:00:00 +1200","The Complete Monty Python's Flying Circus 16-Ton Megaset"
"0790733226","0790733226","1997-07-11 02:00:00 +1200","Contact"
"B0019UGYK0","","1967-01-01 02:00:00 +1200","Cool Hand Luke"
"B0007DBJM8","","2004-06-04 02:00:00 +1200","The Corporation"
"","","","Couples Retreat"
"B000A3XY5A","","2005-05-06 02:00:00 +1200","Crash"
"B0002HO7A0","","1986-04-25 02:00:00 +1200","Crimewave"
"B000060NYL","","1995-05-12 02:00:00 +1200","Crimson Tide]"
"B000ELL1RG","","1995-04-28 02:00:00 +1200","Crumb"
"B0006FO9BK","","1992-11-25 02:00:00 +1300","The Crying Game"
"6305238065","6305238065","1997-01-01 02:00:00 +1300","Cube"
"B00008DDVY","1588177319","2003-04-15 02:00:00 +1200","Cube 2 - Hypercube"
"B0000E2PVR","0783121717","2000-10-15 02:00:00 +1300","Curb Your Enthusiasm - The Complete First Season"
"B0001US8EE","0783128436","2000-10-15 02:00:00 +1300","Curb Your Enthusiasm - The Complete Second Season"
"B00067BCB8","0783107315","2001-01-01 02:00:00 +1300","Curb Your Enthusiasm - The Complete Third Season"
"B00096S48K","","1978-06-09 02:00:00 +1200","Damien: Omen 2"
"","","","Danny Bhoy - Live at the Athenaeum"
"","","","Danny Bhoy - Live at the Sydney Opera House"
"","","","Danny Bhoy Live at the Enmore"
"B0010X8NF0","","2007-01-01 02:00:00 +1300","The Darjeeling Limited"
"B001GZ6QC4","","2008-01-01 02:00:00 +1300","The Dark Knight"
"B0002ABURA","1417018143","2004-03-19 02:00:00 +1300","Dawn of the Dead"
"B001SGEUYW","","2008-01-01 02:00:00 +1300","The Day the Earth Stood Still"
"B00029RTAI","1417011033","1993-09-24 02:00:00 +1200","Dazed & Confused"
"B0009298N4","0790762153","1988-09-23 02:00:00 +1200","Dead Ringers"
"B00008RWVI","","1992-01-02 02:00:00 +1300","Death in Brunswick"
"B000GBEWMA","","2005-01-01 02:00:00 +1300","The Death of Mr. Lazarescu"
"B000WB1T8Y","","1975-01-01 02:00:00 +1300","Deep Red / Profondo Rosso"
"B000934FC2","","1991-01-01 02:00:00 +1300","Delicatessen"
"B000NIVJH2","","2006-10-13 03:00:00 +1300","Deliver Us from Evil"
"6305558159","6305558159","1972-07-30 02:00:00 +1200","Deliverance"
"B000M341QE","","2006-10-06 03:00:00 +1300","The Departed"
"B00005JOL4","","2005-11-11 02:00:00 +1300","Derailed"
"B0019BI12S","","2007-01-01 02:00:00 +1300","Dick: The Devil Dared Me To"
"B000O77SRC","","1988-07-15 02:00:00 +1200","Die Hard"
"B000O77SRM","","1990-07-04 02:00:00 +1200","Die Hard 2 - Die Harder"
"B000O78KW4","","1995-05-19 02:00:00 +1200","Die Hard with a Vengeance"
"B00004RE27","0790744554","1982-03-05 02:00:00 +1300","Diner"
"B0000AZT2X","","2003-10-20 03:00:00 +1300","Director's Series, Vol. 1 - The Work of Director Spike Jonze"
"B0000DBJ9I","","2003-10-28 02:00:00 +1300","Director's Series, Vol. 2 - The Work of Director Chris Cunningham"
"B0000DBJ9J","","2003-10-23 03:00:00 +1300","Director's Series, Vol. 3 - The Work of Director Michel Gondry"
"B00018D3LE","","2002-01-01 02:00:00 +1300","Dirty Pretty Things"
"B002TXB2XK","","","Disgrace [DVD]"
"B00005MKKS","0790760959","2001-04-27 02:00:00 +1200","The Dish"
"B002SJIO4A","","2009-01-01 02:00:00 +1300","District 9"
"B0024EWP6W","","1989-01-01 02:00:00 +1300","Do the Right Thing"
"B0009HBPN0","","2004-06-18 02:00:00 +1200","Dodgeball - A True Underdog Story"
"B000053VAF","076785716X","1999-11-12 02:00:00 +1300","Dogma"
"B0007V6IUS","1404977651","2001-01-01 02:00:00 +1300","Dogtown and Z-Boys"
"B0002DB52M","","2003-01-01 02:00:00 +1300","Dogville"
"B00006FMEA","","2001-01-01 02:00:00 +1300","Don't Try This at Home - The Steve-O Video"
"B00005V3Z4","","2001-01-01 02:00:00 +1300","Donnie Darko"
"B0009RCPUC","1404987606","2004-01-01 02:00:00 +1300","Downfall"
"B0002WYS6S","","2004-10-05 03:00:00 +1300","Dream Theater - Live at Budokan"
"B0029F15VW","","2009-01-01 02:00:00 +1300","Dylan Moran - What It Is"
"B000VB4ZSG","","","Dylan Moran: The Live Collection"
"B00003CX9Q","0783270674","1982-01-01 02:00:00 +1300","E.T. - The Extra-Terrestrial"
"B000X418V8","","2007-01-01 02:00:00 +1300","Eagle vs. Shark"
"B000022TSY","0800141784","1969-01-01 02:00:00 +1200","Easy Rider"
"B001DB6J82","","2007-01-01 02:00:00 +1300","Edge of Heaven"
"B00004U8P8","","1990-12-14 02:00:00 +1300","Edward Scissorhands"
"B0012OTRTI","","1998-01-01 02:00:00 +1300","Elizabeth/Elizabeth - The Golden Age"
"B00008WJEQ","0790771497","1995-10-20 03:00:00 +1300","Empire Records"
"B000C3L2IO","","2005-01-01 02:00:00 +1300","Enron: The Smartest Guys in the Room"
"B00005JLWN","","2002-01-01 02:00:00 +1300","Equilibrium"
"B00005JMJG","078329784X","2004-03-19 02:00:00 +1300","Eternal Sunshine Of The Spotless Mind"
"B0002DKCMG","1417023082","2004-02-20 02:00:00 +1300","Eurotrip"
"B000DWMN2S","","2005-09-16 02:00:00 +1200","Everything Is Illuminated"
"B000YI99IW","","","Extras - The Complete Series"
"B000KB488Y","","2006-11-10 02:00:00 +1300","F**K - A Documentary"
"B000SINT52","","2004-06-25 02:00:00 +1200","Fahrenheit 9/11"
"B000087F6L","","1966-11-14 02:00:00 +1200","Fahrenheit 451"
"B000YOX3HE","","2007-01-01 02:00:00 +1300","Family Guy - Blue Harvest"
"B000083C6V","","1999-01-31 02:00:00 +1300","Family Guy, Vol. 1"
"B00008YGRV","","2003-01-01 02:00:00 +1300","Family Guy, Vol. 2"
"B000AQ68Z0","","2004-01-01 02:00:00 +1300","Family Guy, Vol. 3"
"B000HT3P6U","","2005-01-01 02:00:00 +1300","Family Guy, Vol. 4"
"B000RO6JZO","","1999-01-31 02:00:00 +1300","Family Guy, Vol. 5"
"B0012018OE","","","Family Guy, Vol. 6"
"B001VFM0ZG","","","Family Guy, Vol. 7"
"B001QOGYBI","","2009-11-06 00:00:00 +1300","Fantastic Mr. Fox"
"B00009W5CA","0792858050","1996-03-08 02:00:00 +1300","Fargo"
"B0000541X6","","1999-03-19 02:00:00 +1300","Farscape Season 1, Vol. 1 - Premiere/I, E.T."
"B000MEYKAU","","2006-11-17 02:00:00 +1300","Fast Food Nation"
"B000067A9X","","1998-03-30 02:00:00 +1200","The Fast Show"
"B0000796CV","0790773465","1997-01-01 02:00:00 +1300","Father Ted - Complete Series 3"
"0783229526","0783229526","1998-05-22 02:00:00 +1200","Fear and Loathing in Las Vegas"
"B0000897EA","","2002-11-06 02:00:00 +1300","Femme Fatale"
"B000BNX4MC","1415715335","1986-06-11 02:00:00 +1200","Ferris Bueller's Day Off Bueller...Bueller... Edition"
"0800177983","0800177983","1992-12-11 02:00:00 +1300","A Few Good Men"
"0800195175","0800195175","1997-05-09 02:00:00 +1200","The Fifth Element"
"B00003W8NM","","1999-10-15 03:00:00 +1300","Fight Club"
"B002PNU2LC","","","A Film with Me in It"
"B0000AQS0F","","2002-09-20 02:00:00 +1200","Firefly - The Complete Series"
"B0004Z33EG","","1982-10-22 02:00:00 +1200","First Blood"
"B000P2A6C0","","2007-06-17 02:00:00 +1200","Flight of the Conchords - The Complete First Season"
"B001H9N870","","2009-01-01 02:00:00 +1300","Flight of the Conchords: The Complete Second Season"
"B000TQLJHI","","2006-01-01 02:00:00 +1300","Flyboys"
"B0001L3LUE","1404941665","2004-02-01 02:00:00 +1300","The Fog of War - Eleven Lessons from the Life of Robert S. McNamara"
"B0027BOL4G","","2008-01-01 00:00:00 +1300","Food, Inc."
"B000KKNLYW","","","Footrot Flats: The Dog's Tale"
"B000M341Q4","","2006-11-22 02:00:00 +1300","For Your Consideration"
"B00005JPAR","","2006-11-22 02:00:00 +1300","The Fountain"
"6305327041","6305327041","1995-12-25 02:00:00 +1300","Four Rooms"
"B000R4SMCW","","2007-04-20 02:00:00 +1200","Fracture"
"B00005NTOH","","2001-04-20 02:00:00 +1200","Freddy Got Fingered"
"B0000C23FY","1932134190","","Friends & Family"
"B001TH92N4","","2008-01-01 02:00:00 +1300","Frost/Nixon"
"B00005ATZT","0790760290","1993-08-06 02:00:00 +1200","The Fugitive"
"B000YAG00A","","","Full Metal Jacket"
"B000069HZP","0783274254","1997-09-12 02:00:00 +1200","The Game"
"B00005JNC2","","2004-01-01 02:00:00 +1300","Garden State"
"0767805712","0767805712","1997-10-24 03:00:00 +1300","Gattaca"
"B0008ENHTY","1419806815","1972-12-13 01:00:00 +1200","The Getaway"
"B00005T30L","0792850963","2001-01-01 02:00:00 +1300","Ghost World"
"B000E33W1W","","1984-06-08 02:00:00 +1200","Ghostbusters"
"B00005JKG9","","1992-10-02 02:00:00 +1200","Glengarry Glen Ross"
"0767835093","0767835093","1999-04-09 02:00:00 +1200","Go"
"B0007Y08MY","0792173317","1974-12-20 02:00:00 +1300","The Godfather, Part II"
"B0007Y08NI","0792173333","1990-12-25 02:00:00 +1300","The Godfather, Part III"
"B0001NBNB6","0792173295","1972-03-24 02:00:00 +1200","The Godfather"
"B0001Y4LBY","140496021X","1981-01-01 02:00:00 +1300","The Gods Must Be Crazy"
"B002M36R2I","","2008-01-01 02:00:00 +1300","Gomorrah"
"B000B8QG22","0788853651","1988-01-15 02:00:00 +1300","Good Morning, Vietnam"
"B000P0J09M","","1990-01-01 02:00:00 +1300","GoodFellas"
"B000P0J09W","","1985-01-01 02:00:00 +1300","The Goonies"
"B00005JKNF","0783271166","2001-01-01 02:00:00 +1300","Gosford Park"
"B001KVZ6F2","","2008-01-01 02:00:00 +1300","Gran Torino"
"B000EMGJAO","","2006-01-06 02:00:00 +1300","Grandma's Boy"
"B000EBGGKS","","2004-01-01 02:00:00 +1300","Green Wing Series 1"
"B000P0J0A6","","1984-01-01 02:00:00 +1300","Gremlins"
"B000069I1U","","1991-01-04 02:00:00 +1300","The Grifters"
"B000R7HY0K","","2007-04-06 02:00:00 +1200","Grindhouse Presents, Death Proof - Extended and Unrated"
"B000BMY2NS","","2005-01-01 02:00:00 +1300","Grizzly Man"
"B000KX0IOK","","2006-08-11 02:00:00 +1200","Half Nelson"
"B001IOQWA4","","2008-01-01 02:00:00 +1300","Hamlet 2"
"","","","The Hangover"
"B00003CXSP","0792850424","2001-01-01 02:00:00 +1300","Hannibal"
"B000NVT0SO","","2007-02-09 02:00:00 +1300","Hannibal Rising"
"B00000IC7G","1573625639","1998-10-16 03:00:00 +1300","Happiness"
"B000BB18L8","","2005-01-01 02:00:00 +1300","Happy Endings"
"B0009X760U","1417010959","1996-02-16 02:00:00 +1300","Happy Gilmore"
"B000YDBP4S","","","Happy Tree Friends - The Complete Season One"
"B000N4SHNK","","1992-01-01 00:00:00 +1300","Hard Boiled"
"B00000K3D3","0767824539","1997-02-28 02:00:00 +1300","Hard Eight"
"B00068WOH8","0780649621","2004-07-30 02:00:00 +1200","Harold & Kumar Go to White Castle"
"B001AEF6HM","","2008-01-01 02:00:00 +1300","Harold and Kumar Escape from Guantanamo Bay"
"B0006ZUJ8M","","2001-01-01 02:00:00 +1300","He Died With a Felafel in His Hand"
"B00164KYV4","","2008-08-01 02:00:00 +1200","He's Just Not That Into You"
"B0009VND0E","","2004-01-01 02:00:00 +1300","Head-On [Gegen die Wand]"
"B000AAIVXI","","","Headrush"
"B000P0J0AG","","1995-12-15 02:00:00 +1300","Heat"
"B00030590I","","2004-08-27 02:00:00 +1200","Hero"
"B00003CXGA","","2000-01-01 02:00:00 +1300","High Fidelity"
"B000UJ48P4","","2007-06-08 02:00:00 +1200","Hostel - Part II"
"B000RJO578","","2007-01-01 02:00:00 +1300","Hot Fuzz"
"B0007R4T3U","079286686X","2005-02-04 02:00:00 +1300","Hotel Rwanda"
"B000063RQO","0783267762","2001-12-21 02:00:00 +1300","How High"
"B00000ING2","079074077X","1994-03-11 03:00:00 +1300","The Hudsucker Proxy"
"B0000714E6","0780639839","2001-01-01 02:00:00 +1300","Human Nature"
"B00004Z4WS","0788825283","2000-05-05 02:00:00 +1200","Human Traffic"
"B00008K76U","0792187156","1990-03-02 02:00:00 +1300","The Hunt for Red October"
"B0006TPE4C","","2004-10-22 03:00:00 +1300","I Heart Huckabees"
"B001PR0Y6W","","2009-01-01 02:00:00 +1300","I Love You, Man"
"B0013D8L7C","","2007-01-01 02:00:00 +1300","I'm Not There"
"B000K7VHOG","","2006-01-01 02:00:00 +1300","Idiocracy"
"B000K7VHQ4","","2006-09-01 02:00:00 +1200","The Illusionist"
"B0018BD9DA","","2008-01-01 02:00:00 +1300","In Bruges"
"B000PS9TEK","","","In My Father's Den"
"B000067J3S","","2002-01-11 02:00:00 +1300","In the Bedroom"
"B00003CXUM","1559409274","2000-01-01 02:00:00 +1300","In the Mood for Love - Criterion Collection"
"B000XJ5TPE","","2007-01-01 02:00:00 +1300","In the Shadow of the Moon"
"B000ICL3KG","","2006-01-01 02:00:00 +1300","An Inconvenient Truth"
"B00005JN7C","","2002-01-01 02:00:00 +1300","Infernal Affairs"
"B001OQCV3I","","","Inglourious Basterds"
"B000GFLKF8","","2006-03-24 01:00:00 +1200","Inside Man"
"B000ZN802W","","2007-01-01 02:00:00 +1300","Into the Wild"
"B00005JMET","0783272642","2003-10-10 03:00:00 +1300","Intolerable Cruelty"
"B0001LJBTE","158655297X","2001-03-30 02:00:00 +1200","Invader ZIM - Doom Doom Doom"
"B0002T2QGA","1586555499","2001-03-30 02:00:00 +1200","Invader ZIM - Horrible Holiday Cheer"
"B00026L8NK","1586555375","2001-03-30 02:00:00 +1200","Invader ZIM - Progressive Stupidity"
"B00275EHC8","","","The Invention of Lying"
"B001C08RHA","","2008-01-01 02:00:00 +1300","Iron Man"
"B00009W0U4","1589713419","2002-01-01 02:00:00 +1300","Irreversible"
"B000BO0LH2","","2005-07-22 02:00:00 +1200","The Island"
"B000A7LR6Y","1404991719","2004-01-01 02:00:00 +1300","It's All Gone Pete Tong"
"B000GBEWHK","","2002-10-25 03:00:00 +1300","Jackass - The Movie"
"B001TNDTKU","","","Jackass 2 : Unrated Widescreen Edition"
"B000ZOT8FO","","2006-09-22 02:00:00 +1200","Jackass 2.5"
"B000068DBD","0788830538","1997-12-25 02:00:00 +1300","Jackie Brown"
"B0008KLVG4","1417057769","1975-06-20 02:00:00 +1200","Jaws"
"B00003CY67","","2001-01-01 02:00:00 +1300","Jay and Silent Bob Strike Back"
"0800141741","0800141741","1996-12-13 02:00:00 +1300","Jerry Maguire"
"B00029LO5E","","2004-03-26 01:00:00 +1200","Jersey Girl"
"B000XNGFA8","","","John Safran vs God"
"B000YABYLA","","2207-12-14 03:00:00 +1300","Juno"
"B001CDR1F6","","2006-01-01 02:00:00 +1300","Kenny"
"B00004YA6G","1588170497","1995-07-28 02:00:00 +1200","Kids"
"B00005JMEW","","2003-10-10 03:00:00 +1300","Kill Bill - Volume One"
"B00005JMUA","0788855735","2004-04-16 02:00:00 +1200","Kill Bill - Volume Two"
"B000WCN8PA","","2007-01-01 02:00:00 +1300","King of California"
"B00006RCNV","","1983-02-18 00:00:00 +1300","The King of Comedy"
"B0007PALGG","","2004-01-01 02:00:00 +1300","Kinsey"
"B000F5GNX8","","2005-01-01 02:00:00 +1300","Kiss Kiss, Bang Bang"
"B000QGEB12","","2005-04-22 02:00:00 +1200","Kung Fu Hustle"
"B001CN2WXM","","1997-01-01 02:00:00 +1300","L.A. Confidential"
"B00000K3D4","0767821661","1986-06-27 02:00:00 +1200","Labyrinth"
"B00029LNYQ","","2004-03-26 01:00:00 +1200","The Ladykillers"
"B0000639HN","1588175405","2001-01-01 02:00:00 +1300","Lantana"
"B0014D5RBE","","2007-01-01 02:00:00 +1300","Lars and the Real Girl"
"B0009X7BDC","1404980024","2004-01-01 02:00:00 +1300","Layer Cake"
"B000ANDBSU","","2005-01-01 02:00:00 +1300","The League Of Gentlemen's Apocalypse"
"B0006GVJEE","1404972927","1994-11-18 02:00:00 +1300","Leon - The Professional"
"B001MYIXAC","","2008-01-01 02:00:00 +1300","Let The Right One In"
"B000M9CB4W","","2006-11-17 02:00:00 +1300","Let's Go to Prison"
"B00005JPKE","","2007-01-12 02:00:00 +1300","Letters from Iwo Jima"
"0783235070","0783235070","1997-03-21 01:00:00 +1200","Liar Liar"
"B00005JNLQ","0788858300","2004-12-25 02:00:00 +1300","The Life Aquatic with Steve Zissou - Criterion Collection"
"B000A13MTA","","","Lilja 4-ever (Lilya 4-ever)"
"B002P7UCBI","","2009-01-01 02:00:00 +1300","The Limits of Control"
"B000MQCBOK","","2006-01-01 02:00:00 +1300","Little Children"
"B000K7VHQE","","2006-08-18 02:00:00 +1200","Little Miss Sunshine"
"B00007ELEP","","1999-03-05 02:00:00 +1300","Lock, Stock & Two Smoking Barrels"
"B000UJ48VI","","1962-06-13 02:00:00 +1200","Lolita"
"B0012OV566","","","Look Around You 2"
"B000WZZUKI","","","Look Around You Series 1"
"B000QFCD8Q","","2007-03-30 02:00:00 +1200","The Lookout"
"B00005O06X","0792851374","1990-03-16 02:00:00 +1300","Lord of the Flies"
"B00005JMJ4","0783297807","2003-10-03 02:00:00 +1200","Lost in Translation"
"B001QOGYAO","","2009-12-11 00:00:00 +1300","The Lovely Bones"
"B0007KIFXW","1415709459","2003-10-26 03:00:00 +1300","MTV - Viva La Bam - The Complete 2nd and 3rd Seasons"
"B0002V7OJC","1415704821","2003-10-26 03:00:00 +1300","MTV - Viva La Bam - The Complete First Season"
"B0027MP6PS","","","MY WINNIPEG"
"B000YABIQ6","","2007-07-19 02:00:00 +1200","Mad Men - Season One"
"B001GCUER0","","","Mad Men: Season 2"
"B002LITH76","","","Mad Men: Season 3"
"","","","Malcolm"
"B00000IQW4","0783219652","1995-10-20 03:00:00 +1300","Mallrats"
"B00006CXGZ","0783275773","2002-04-16 02:00:00 +1200","The Man Who Wasn't There"
"B0011Z207E","","","Man from Earth"
"B001E5FYS8","","2008-01-01 02:00:00 +1300","Man on Wire"
"B00003CWTL","0783240317","1999-01-01 02:00:00 +1300","Man on the Moon"
"B002C39T3M","","2008-01-01 02:00:00 +1300","Management"
"B00004Z2Z1","","1962-10-24 02:00:00 +1200","The Manchurian Candidate"
"B0036TGTDY","","2010-03-04 00:00:00 +1300","Mao's Last Dancer"
"B002KLQ31C","","2009-01-01 00:00:00 +1300","Margaret Cho: Beautiful"
"B0002TT0MI","0783114842","2003-01-01 02:00:00 +1300","Maria Full of Grace"
"B000M06KJ8","","2006-10-20 03:00:00 +1300","Marie Antoinette"
"B001ECDVKE","","1996-01-01 02:00:00 +1300","Mars Attacks!"
"B000EQ5UIC","","2006-01-27 02:00:00 +1300","The Matador"
"B00012QLB4","079077822X","2003-09-12 02:00:00 +1200","Matchstick Men"
"0783233477","0783233477","1998-11-13 02:00:00 +1300","Meet Joe Black"
"B00003CXZ4","0767868854","2000-01-01 02:00:00 +1300","Memento"
"B0009XRZQK","","2003-01-01 02:00:00 +1300","Memories of Murder"
"0783228589","0783228589","1998-04-03 02:00:00 +1200","Mercury Rising"
"B000J4QWMC","","2006-07-28 02:00:00 +1200","Miami Vice"
"0767817486","0767817486","1978-10-06 02:00:00 +1200","Midnight Express"
"B0000ALFVD","079078033X","2003-05-09 02:00:00 +1200","A Mighty Wind"
"B001QUF3SW","","2008-01-01 02:00:00 +1300","Milk"
"B00008RH3L","","1990-10-01 02:00:00 +1200","Miller's Crossing"
"B000N4SHOE","","2006-01-01 02:00:00 +1300","Miss Potter"
"","","","Monkey Volume 1"
"B00005O3VC","0767853520","1975-05-10 02:00:00 +1200","Monty Python and the Holy Grail"
"1559409010","1559409010","1979-08-17 02:00:00 +1200","Monty Python's Life of Brian"
"B000A2UBNE","1417067373","1983-03-31 02:00:00 +1200","Monty Python's The Meaning of Life"
"B002FE5XU6","","2009-01-01 02:00:00 +1300","Monty Python: Almost The Truth"
"B000OC46BS","","","Moolaad\351"
"B002T9H2MO","","2008-01-01 00:00:00 +1300","Moon"
"B002T9H2MO","","2008-01-01 00:00:00 +1300","Moon"
"B000077VR3","","2001-06-01 02:00:00 +1200","Moulin Rouge!"
"B000B5XP24","","2005-07-22 02:00:00 +1200","Murderball"
"B0007M21Z8","","1974-06-01 02:00:00 +1200","My Name Is Nobody"
"B002W5GK78","","","My Year Without Sex"
"B0001ZX0OW","0790780372","2003-10-15 03:00:00 +1300","Mystic River"
"B001CW7ZXA","","1978-01-01 02:00:00 +1300","National Lampoon's Animal House"
"B000SLWO2I","","","Neverending Story - The Original TV Series Boxset DVD"
"B000ESSUL4","","2006-01-20 02:00:00 +1300","The New World"
"B001MM3AZM","","2008-01-01 02:00:00 +1300","Nick & Norah's Infinite Playlist"
"B000A5044C","0792867394","2004-01-01 02:00:00 +1300","Nobody Knows"
"B0007OY2P8","1419810626","1987-01-01 02:00:00 +1300","Northanger Abbey"
"B00003CXRM","0788826883","2000-01-01 02:00:00 +1300","O Brother, Where Art Thou?"
"B00178T122","","1960-01-01 02:00:00 +1200","Ocean's 11"
"B0002IAQFY","","2003-01-23 02:00:00 +1300","The Office - Complete Series One & Two and The Christmas Specials"
"B0024FAD9W","","","The Office - Season Five"
"B0009VBTP0","1417070471","2005-03-24 01:00:00 +1200","The Office - Season One"
"B000SINT4S","","2005-03-24 01:00:00 +1200","The Office - Season Three"
"B000GETTKM","","2005-03-24 01:00:00 +1200","The Office - Season Two"
"6305508550","6305508550","1999-02-19 02:00:00 +1300","Office Space"
"B001AEF6AY","","2008-09-02 02:00:00 +1200","The Office: Season Four"
"B000MGBSGC","","1982-08-13 02:00:00 +1200","An Officer and a Gentleman"
"B00005JM1F","","2003-01-01 02:00:00 +1300","Old School"
"B0009S2T0M","","2004-01-01 02:00:00 +1300","Oldboy"
"B00096S48U","","1981-03-20 02:00:00 +1200","Omen 3: The Final Conflict"
"B00004TS0G","","1976-06-25 02:00:00 +1200","The Omen"
"B000X1Z0BU","","2007-01-01 02:00:00 +1300","Once"
"B000092T6K","0790734206","1984-06-01 02:00:00 +1200","Once Upon a Time in America"
"B000050B7J","0767857771","1991-01-01 02:00:00 +1300","Once Upon a Time in China #1"
"0790732181","0790732181","1975-01-01 02:00:00 +1300","One Flew Over the Cuckoo's Nest"
"B000127ZEG","","2004-02-24 02:00:00 +1300","Opeth - Lamentations"
"B00005UPO9","","2002-01-11 02:00:00 +1300","Orange County"
"B0006HBZEW","0783279639","1998-10-23 03:00:00 +1300","Orgazmo"
"0790731401","0790731401","1995-03-10 02:00:00 +1300","Outbreak"
"B001C3A7MA","","","Outrageous Fortune - Series 2"
"B002OCT9B8","","","Outrageous Fortune - Series Four - 4-DVD Set ( Outrageous Fortune - Series 4 ) [ NON-USA FORMAT, PAL, Reg.0 Import - Australia ]"
"B001C3366O","","","Outrageous Fortune - Series One"
"B001IAZ2SQ","","","Outrageous Fortune - Series Three 4-DVD Set ( Outrageous Fortune - Series 3 ) [ NON-USA FORMAT, PAL, Reg.4 Import - Australia ]"
"B000O76ZQC","","2006-01-01 02:00:00 +1300","Pan's Labyrinth"
"B000UVV26A","","2006-01-01 02:00:00 +1300","Paris, Je T'Aime"
"B001NPD9RM","","2009-01-01 02:00:00 +1300","Paul Blart: Mall Cop"
"B00000JDIQ","0792156242","1999-02-05 02:00:00 +1300","Payback"
"B00004CWUF","","1996-12-25 02:00:00 +1300","The People Vs Larry Flynt"
"B000YAA68W","","2007-12-25 02:00:00 +1300","Persepolis"
"B00003JRCQ","0767836634","1995-09-27 02:00:00 +1200","Persuasion"
"B00004Z1GI","","1989-06-01 02:00:00 +1200","Peter Jackson's Bad Taste"
"B000BTC5LW","","2006-06-27 02:00:00 +1200","Pink Floyd - Pulse"
"B0006ZE7G2","0738904902","1982-08-13 02:00:00 +1200","Pink Floyd - The Wall 25th Anniversary"
"B002JIOOAI","","1987-01-01 02:00:00 +1300","Planes, Trains and Automobiles"
"B00005AUJQ","","1986-12-24 02:00:00 +1300","Platoon"
"B000Z63ZH4","","1992-01-01 02:00:00 +1300","The Player"
"B00019074O","0790790114","1984-03-23 02:00:00 +1200","Police Academy"
"B000EULSTI","","","Politics"
"0790740850","0790740850","1992-03-27 02:00:00 +1200","The Power of One"
"B00006JMRH","156730270X","2000-01-01 02:00:00 +1300","The Price of Milk"
"B001E454FC","","1995-01-01 02:00:00 +1300","Pride And Prejudice"
"B000BMY2LU","140491367X","1968-11-10 02:00:00 +1200","The Producers"
"B00005JNM3","0788867644","2005-01-01 02:00:00 +1300","Proof"
"B002QEHPQU","","2009-01-01 02:00:00 +1300","Public Enemies"
"1558908242","1558908242","1994-10-14 03:00:00 +1300","Pulp Fiction"
"B000I0RNYI","","2006-08-11 02:00:00 +1200","Pulse"
"B00000G02H","1404936076","2002-11-01 02:00:00 +1300","Punch-Drunk Love"
"B001PPLIEG","","2008-01-01 02:00:00 +1300","Quantum of Solace"
"B00000IPG9","","1999-03-20 02:00:00 +1300","Radiohead - Meeting People Is Easy"
"B00062IVKS","0792863321","1980-12-19 02:00:00 +1300","Raging Bull"
"B001V67RU8","","","Rain Man : Widescreen Edition"
"6305499128","6305499128","1987-03-13 01:00:00 +1200","Raising Arizona"
"B0001HK21Y","","2002-10-04 02:00:00 +1200","Red Dragon"
"B000BVM1S2","1417065869","2005-08-19 02:00:00 +1200","Red Eye"
"B000Q7ZKX4","","2006-01-01 02:00:00 +1300","Red Road"
"B00176JX4U","","","Rejected: A Film By Don Hertzfeldt"
"B00102F5WK","","2007-01-01 02:00:00 +1300","Rendition"
"B00005Q4CS","","2000-10-27 02:00:00 +1300","Requiem for a Dream"
"B000HC2LEY","","1992-10-23 03:00:00 +1300","Reservoir Dogs"
"B0002KQOH6","","2003-01-01 02:00:00 +1300","The Return"
"B0011VIO3M","","2005-01-01 02:00:00 +1300","Revolver"
"B001EDG2AO","","","Rhys Darby - Imagine That!"
"B000NQDE0Y","","2007-01-01 02:00:00 +1300","Ricky Gervais - Fame"
"B000QQH4YS","","1987-07-17 02:00:00 +1200","Robocop"
"B000W668R6","","1976-01-01 02:00:00 +1300","Rocky"
"B00004U8P9","","1975-09-26 02:00:00 +1200","The Rocky Horror Picture Show"
"B00009YXAS","0790780232","1989-12-20 02:00:00 +1300","Roger & Me"
"B001MEJVKI","","","Rogue Assassin"
"6305263248","6305263248","1998-09-25 02:00:00 +1200","Ronin"
"B0000640VJ","","2001-12-14 02:00:00 +1300","The Royal Tenenbaums"
"B00007L4KI","1588176940","2002-10-11 03:00:00 +1300","The Rules of Attraction"
"B000021Y77","076783738X","1999-06-18 02:00:00 +1200","Run Lola Run"
"B00009ZPU7","0780644174","2002-01-01 02:00:00 +1300","Run Ronnie Run!"
"B00006L92T","0792854055","1992-01-17 02:00:00 +1300","Rush"
"6305428239","0788816144","1999-02-05 02:00:00 +1300","Rushmore"
"","","","Samson and Delilah"
"B0014GI6I2","","2007-01-01 02:00:00 +1300","The Savages"
"B0002OXRSG","0792861930","2003-01-01 02:00:00 +1300","Saved!"
"B00001ZWUS","0783233531","1998-07-24 02:00:00 +1200","Saving Private Ryan"
"B00012QM8G","","1993-12-15 02:00:00 +1300","Schindler's List"
"B000PMGS22","","2006-01-01 02:00:00 +1300","The Science Of Sleep"
"B000M4RG7E","","2006-09-22 02:00:00 +1200","The Science of Sleep"
"B000NOKFH6","","2001-10-02 02:00:00 +1200","Scrubs - The Complete Fifth Season"
"B00005JNEQ","0788858254","2001-10-02 02:00:00 +1200","Scrubs - The Complete First Season"
"B000GPIPTM","","2001-10-02 02:00:00 +1200","Scrubs - The Complete Fourth Season"
"B000AJJNI6","0788859153","2001-10-02 02:00:00 +1200","Scrubs - The Complete Second Season"
"B000U1ZV1W","","2001-10-02 02:00:00 +1200","Scrubs - The Complete Sixth Season"
"B000EBGFPY","","2001-10-02 02:00:00 +1200","Scrubs - The Complete Third Season"
"B001DPHDBU","","2008-10-02 03:00:00 +1300","Scrubs: The Complete Seventh Season"
"B00004TVXC","","1995-09-22 02:00:00 +1200","Se7en"
"B0002234LS","1404950249","2004-03-12 02:00:00 +1300","Secret Window"
"B000777UEK","","2002-01-01 02:00:00 +1300","Secretary"
"B0006HBZD8","","1996-10-25 03:00:00 +1300","Secrets and Lies"
"B0016MOV92","","2008-01-01 02:00:00 +1300","Semi-Pro"
"","","","A Serious Man"
"B003102JDM","","2009-01-01 00:00:00 +1300","A Serious Man"
"B000VWUIY0","","","Seven Periods with Mr Gormsby"
"B001QE9W1W","","","Seven Periods with Mr Gormsby - Series 2"
"B000G8NXYG","","1954-01-01 02:00:00 +1200","Seven Samurai - 3 Disc Remastered Edition"
"B00022EFGQ","","","Sex Lives of the Potato Men"
"B000WCN8Q4","","2007-01-01 02:00:00 +1300","Sex and Breakfast"
"B0006A9FKA","141701816X","2004-01-01 02:00:00 +1300","Shaun of the Dead"
"B000P0J0EW","","1994-09-23 02:00:00 +1200","The Shawshank Redemption"
"0780619587","0780619587","1996-11-20 02:00:00 +1300","Shine"
"B000UJCALI","","1980-05-23 02:00:00 +1200","The Shining"
"B002HKYAAW","","2009-01-01 02:00:00 +1300","Shinjuku Incident (Special Double Disc) DVD Edition"
"B000LAZDQA","","2006-01-01 02:00:00 +1300","Shortbus"
"B0007TKOAA","","2005-01-21 02:00:00 +1300","Sideways"
"B00026L7OK","079286140X","1991-02-14 02:00:00 +1300","The Silence of the Lambs"
"B002C8YSDI","","2007-01-01 02:00:00 +1300","Silent Light"
"B000FO0AME","","1996-01-01 02:00:00 +1300","The Simpsons - The Complete Eighth Season"
"B001GQ3GHG","","","The Simpsons - The Complete Eleventh Season"
"B00020SLO0","","1993-01-01 02:00:00 +1300","The Simpsons - The Complete Fifth Season"
"B00005ML6Y","","1989-12-17 02:00:00 +1300","The Simpsons - The Complete First Season"
"B0001Z3IPS","","1992-01-01 02:00:00 +1300","The Simpsons - The Complete Fourth Season"
"B000JLQPTK","","1997-01-01 02:00:00 +1300","The Simpsons - The Complete Ninth Season"
"B000063EME","","1990-01-01 02:00:00 +1300","The Simpsons - The Complete Second Season"
"B000BQPC42","","1995-01-01 02:00:00 +1300","The Simpsons - The Complete Seventh Season"
"B0009NZ2VU","","1994-01-01 02:00:00 +1300","The Simpsons - The Complete Sixth Season"
"B000MQCFLO","","1998-01-01 02:00:00 +1300","The Simpsons - The Complete Tenth Season"
"B000067DNE","","1991-01-01 02:00:00 +1300","The Simpsons - The Complete Third Season"
"B000WGYMGK","","2007-07-27 02:00:00 +1200","The Simpsons Movie"
"B000CCR4MI","","","Simpsons-Classics: Greatest Hits"
"B001L1S1PI","","","The Simpsons: Season 20"
"B0024FAR52","","","The Simpsons: The Complete Twelfth Season"
"B00005JNTX","078886047X","2005-04-01 02:00:00 +1200","Sin City"
"B001ASQ9OM","","2005-01-01 02:00:00 +1300","The Sisterhood of the Traveling Pants"
"B001AEF6BS","","1984-01-01 02:00:00 +1300","Sixteen Candles"
"B001P9KR8U","","2008-01-01 02:00:00 +1300","Slumdog Millionaire"
"B00005RFBA","","2001-11-20 02:00:00 +1300","Smashing Pumpkins - Greatest Hits Video Collection"
"B000093FLA","1404938591","2001-01-19 02:00:00 +1300","Snatch"
"B000BO7DWI","","2006-03-12 02:00:00 +1300","The Sopranos - Season 6, Part 1"
"B000NA1VI2","","2007-04-01 02:00:00 +1200","The Sopranos - Season 6, Part 2"
"B0007YMVWO","0783129513","2004-01-10 02:00:00 +1300","The Sopranos - The Complete Fifth Season"
"B00008PW1F","0783123795","2002-01-10 02:00:00 +1300","The Sopranos - The Complete Fourth Season"
"B00003CXOP","0783118015","1999-01-01 02:00:00 +1300","The Sopranos: The Complete First Season"
"B00005NOHO","0783119364","2000-01-10 02:00:00 +1300","The Sopranos: The Complete Second Season"
"B000067S1G","0783119836","2001-01-10 02:00:00 +1300","The Sopranos: The Complete Third Season"
"B000022TSW","0792159519","1999-06-30 02:00:00 +1200","South Park - Bigger, Longer & Uncut"
"B000FSME2Y","","1997-08-13 02:00:00 +1200","South Park - The Complete Eighth Season"
"B0006Z2L2Y","","1997-08-13 02:00:00 +1200","South Park - The Complete Fifth Season"
"B00023P49C","1415703469","1997-08-13 02:00:00 +1200","South Park - The Complete First Season"
"B0001ZWLVU","1415700605","1997-08-13 02:00:00 +1200","South Park - The Complete Fourth Season"
"B000KLQUMQ","","1997-08-13 02:00:00 +1200","South Park - The Complete Ninth Season"
"B00023P49M","1415703485","1997-08-13 02:00:00 +1200","South Park - The Complete Second Season"
"B000CNESM6","","1997-08-13 02:00:00 +1200","South Park - The Complete Seventh Season"
"B000ADWCYY","1415714789","1997-08-13 02:00:00 +1200","South Park - The Complete Sixth Season"
"B000R7I3XC","","1997-08-13 02:00:00 +1200","South Park - The Complete Tenth Season"
"B0000CABL2","079219649X","1997-08-13 02:00:00 +1200","South Park - The Complete Third Season"
"B0018O5WUU","","","South Park: The Complete Eleventh Season"
"B001O0TWXG","","2008-01-01 02:00:00 +1300","South Park: The Complete Twelfth Season"
"0783226039","0783226039","1960-10-07 02:00:00 +1200","Spartacus"
"B00005JLEU","078884461X","2001-01-01 02:00:00 +1300","Spirited Away"
"B0002OHZPC","","2003-01-01 02:00:00 +1300","Spring, Summer, Autumn, Winter And Spring"
"B002HWRYJE","","2009-01-01 02:00:00 +1300","Star Trek"
"B000FQJAJG","","1980-05-21 02:00:00 +1200","Star Wars Episode V - The Empire Strikes Back"
"B0006VIE4C","","1977-05-25 02:00:00 +1200","Star Wars, Episode IV- A New Hope"
"B00076SCPW","","1983-05-25 02:00:00 +1200","Star Wars, Episode VI- Return of the Jedi"
"B0001WTWDI","","2003-01-01 02:00:00 +1300","The Station Agent"
"B0025G5IN6","","","Stephen Fry in America"
"B00007KFOF","","1950-08-04 02:00:00 +1200","Sunset Boulevard"
"B000Y7U98C","","2007-01-01 02:00:00 +1300","Sunshine"
"B001UV4XGU","","2008-01-01 02:00:00 +1300","Sunshine Cleaning"
"B0002OXVBO","","2003-01-01 02:00:00 +1300","Super Size Me"
"B00005JKMN","","2001-01-01 02:00:00 +1300","Super Troopers"
"B000B5XP5Q","","","The Surreal Life - The Complete Fifth Season"
"","","","The Surreal Life Season 6"
"B002UZCJ8Y","","2009-01-01 00:00:00 +1300","Surrogates"
"0780622251","0780622251","1997-11-21 02:00:00 +1300","The Sweet Hereafter"
"B001CCY44S","","1981-01-01 02:00:00 +1300","Sweet Sixteen - Director's Cut"
"B001P3SA8K","","2008-01-01 02:00:00 +1300","Synecdoche New York"
"B0002CHIKG","0790765268","1971-03-11 02:00:00 +1200","THX 1138 - The Director's Cut"
"B001TODCII","","2008-01-01 02:00:00 +1300","Taken"
"B00005JLQW","0767892992","2002-01-01 02:00:00 +1300","Talk to Her"
"B0007Y8ABK","0794205666","2003-01-01 02:00:00 +1300","Tarnation"
"B00005JN4H","","2004-10-08 03:00:00 +1300","Taxi"
"B000R8YC18","","1976-02-08 02:00:00 +1300","Taxi Driver"
"B0007Y08I8","1415708436","2004-10-15 03:00:00 +1300","Team America - World Police"
"B001FB55HQ","","2009-01-01 02:00:00 +1300","Terminator Salvation"
"B000H0MKOC","","2006-04-14 02:00:00 +1200","Thank You for Smoking"
"B000MR99ZS","","2007-01-01 02:00:00 +1300","That Mitchell & Webb Look - Series 1"
"B0016A1CF0","","2008-01-01 02:00:00 +1300","That Mitchell And Webb Look - Series 2"
"B002AG2NTI","","2008-01-01 02:00:00 +1300","The Class"
"B00104QSOC","","2007-12-25 02:00:00 +1300","The Diving Bell and the Butterfly"
"6302020816","6302020816","2004-01-01 02:00:00 +1300","The Edukators"
"B000OVLBGC","","2006-01-01 02:00:00 +1300","The Lives of Others"
"B0001JXP16","1567303455","2002-01-01 02:00:00 +1300","The Son"
"B00007BKVC","0792854810","1991-05-24 02:00:00 +1200","Thelma & Louise"
"B0013FXWU6","","2008-04-08 02:00:00 +1200","There Will Be Blood"
"B0006GANPA","","1998-07-15 02:00:00 +1200","There's Something About Mary"
"6305922756","6305922756","1984-03-02 02:00:00 +1300","This Is Spinal Tap"
"B0002MFFG0","1567303668","2002-01-01 02:00:00 +1300","To Be and to Have"
"B000ZM1MG4","","1982-01-01 02:00:00 +1300","Tootsie - 25th Anniversary Edition"
"B0002WZTOI","0792190904","1986-05-16 02:00:00 +1200","Top Gun"
"630589423X","630589423X","2000-01-14 02:00:00 +1300","Topsy-Turvy"
"B000R2GHLC","","","Toy Love"
"B000270RCW","","","Trailer Park Boys - Big Plans Little Brains - 1st and 2nd Seasons"
"B0012EBVAG","","2008-01-01 02:00:00 +1300","Trailer Park Boys - The Movie"
"B000C21G7W","","","Trailer Park Boys - Xmas Special (Boxset) w/Conky Finger Puppet (OUT OF PRINT) - Collectors Edition"
"","","","Trailer Park Boys Say Goodnight To The Bad Guys"
"B0001I9Y8U","","2004-04-20 02:00:00 +1200","Trailer Park Boys: Season 3"
"B000EMI6LE","","2004-04-20 02:00:00 +1200","Trailer Park Boys: Season 5"
"B000NO23YE","","2007-01-01 02:00:00 +1300","Trailer Park Boys: Season 6"
"B0007RO8MW","","2004-04-20 02:00:00 +1200","Trailer Park Boys: The Complete Fourth Season"
"6304806442","6304806442","1996-07-19 02:00:00 +1200","Trainspotting"
"B000ETRCMQ","","2005-01-01 02:00:00 +1300","Transamerica"
"B002IPFWTE","","2009-01-01 02:00:00 +1300","Transformers: Revenge of the Fallen"
"B00008AOVL","","2002-10-11 03:00:00 +1300","The Transporter"
"B0002JC6TW","","2004-01-01 02:00:00 +1300","Trouble Every Day"
"B001FB4W0W","","2009-01-01 02:00:00 +1300","True Blood: The Complete First Season"
"B00280LZAE","","","True Blood: The Complete Second Season"
"B00006FDCF","0790769522","1993-09-10 02:00:00 +1200","True Romance - Director's Cut"
"B000P12LWY","","2007-01-01 02:00:00 +1300","The Tudors - The Complete First Season"
"B001EO748M","","2008-01-01 02:00:00 +1300","The Tudors - The Complete Second Season"
"B000A7LR82","0792867416","2004-01-01 02:00:00 +1300","Turtles Can Fly"
"B0000VD02Y","","2003-09-26 02:00:00 +1200","Under the Tuscan Sun"
"B001KVZ6FW","","2009-01-01 02:00:00 +1300","Up"
"B00337KM2S","","2009-01-01 00:00:00 +1300","Up in the Air"
"B00005V9HH","0792852192","1995-08-16 02:00:00 +1200","The Usual Suspects"
"B001DJ7PR8","","2008-01-01 02:00:00 +1300","Vicky Cristina Barcelona"
"B000BITUY8","","","Viva la Bam: Complete Seasons 4 & 5"
"","","","Voltron Vehicle Force Collection 1"
"B000N3T0DW","","2007-01-26 02:00:00 +1300","Volver"
"B001J9KJ48","","2008-01-01 02:00:00 +1300","The Wackness"
"B00005LC5D","0780633423","1997-01-31 02:00:00 +1300","Waiting for Guffman"
"B00000ILEC","","1998-11-20 02:00:00 +1300","Waking Ned Devine"
"B0013FSL3E","","2008-06-27 02:00:00 +1200","Wall-E"
"B001KVZ6AM","","2008-01-01 02:00:00 +1300","Waltz With Bashir"
"B000A6T1JU","","1979-02-09 02:00:00 +1300","The Warriors"
"B001QTXM5Y","","2009-01-01 02:00:00 +1300","Watchmen: The Director's Cut"
"B00005QJHP","","2000-09-08 01:00:00 +1200","The Way of the Gun"
"B0007989SO","0780029771","2000-01-01 02:00:00 +1300","Waydowntown"
"B000ZS8GWQ","","2007-01-01 02:00:00 +1300","We Own the Night"
"B000CSUNQQ","","2005-10-28 03:00:00 +1300","The Weather Man"
"B001AQBGM4","","","Weeds - Season Four"
"B000FFJYE8","","2005-08-07 02:00:00 +1200","Weeds - Season One"
"B00166UFSY","","2008-08-07 02:00:00 +1200","Weeds - Season Three"
"B000Q6GUKW","","2005-08-07 02:00:00 +1200","Weeds - Season Two"
"B002AMVED8","","2009-06-08 02:00:00 +1200","Weeds: Season Five"
"B00006AUIH","0783273657","2001-01-01 02:00:00 +1300","Wet Hot American Summer"
"B00007GZR5","0783277547","1998-10-02 02:00:00 +1200","What Dreams May Come"
"B001FB55XA","","2008-01-01 02:00:00 +1300","What Just Happened?"
"B000J10F14","","2006-08-16 02:00:00 +1200","When the Levees Broke - A Requiem In Four Acts"
"B00003ETIT","","1980-04-25 02:00:00 +1200","Where the Buffalo Roam"
"B001HN699A","","2009-10-16 00:00:00 +1300","Where the Wild Things Are"
"B000BI5KUQ","1404917535","2001-01-01 02:00:00 +1300","Winged Migration"
"B00123BY6S","","2008-01-01 02:00:00 +1300","The Wire - The Complete Fifth Season"
"B0002ERXC2","0783127928","2002-06-02 02:00:00 +1200","The Wire - The Complete First Season"
"B000QXDJLI","","2005-01-01 02:00:00 +1300","The Wire - The Complete Fourth Season"
"B0006IUD9Y","0783130260","2003-06-02 02:00:00 +1200","The Wire - The Complete Second Season"
"B000FTCLSU","","2004-06-02 02:00:00 +1200","The Wire - The Complete Third Season"
"B0006FO8HA","0792197925","2004-08-20 02:00:00 +1200","Without A Paddle"
"B001TOD92C","","2008-01-01 02:00:00 +1300","The Wrestler"
"B001GCUO1Q","","2009-01-01 02:00:00 +1300","X-Men Origins: Wolverine"
"B00005JL57","0792852966","2001-01-01 02:00:00 +1300","Y Tu Mama Tambien"
"B002KLAL88","","2009-01-01 02:00:00 +1300","Year One"
"B002EWD0CW","","2009-01-01 02:00:00 +1300","Yellowstone: Battle for Life"
"B001SN78JO","","2008-01-01 02:00:00 +1300","Yes Man"
"B000FILVOG","","2000-01-01 02:00:00 +1300","Yi Yi - Criterion Collection"
"B00003CXQ4","0792172582","2000-01-01 02:00:00 +1300","You Can Count on Me"
"B0014FAIZC","","2007-01-01 02:00:00 +1300","Youth Without Youth"
"B001MEJYAU","","2008-01-01 02:00:00 +1300","Zack and Miri Make a Porno"
"B000059HAE","","1974-02-06 01:00:00 +1200","Zardoz"
"B000QUCNP4","","2007-03-02 02:00:00 +1300","Zodiac"
"B002WY65VU","","2009-01-01 00:00:00 +1300","Zombieland"
"B000E8RGLE","","","Zookeeper"
"0767812158","0767812158","1989-08-18 02:00:00 +1200","sex, lies, and videotape"
